게시글 제목,사이트맵 제출란 입력값,웹 페이지 수집란 입력값,전체 게시글 URL
전국 24시간 동물병원 찾기,,vet24/index.html,https://haninelife.com/vet24/

https://haninelife.com/articles/cheongju-24h-eum-animal-medical-center/
https://haninelife.com/articles/vet24-01-seoul-local/
https://haninelife.com/articles/vet24-02-seoul-local/
https://haninelife.com/articles/vet24-03-seoul-local/
https://haninelife.com/articles/vet24-04-seoul-local/
https://haninelife.com/articles/vet24-05-seoul-local/
https://haninelife.com/articles/vet24-06-seoul-local/
https://haninelife.com/articles/vet24-07-seoul-local/
https://haninelife.com/articles/vet24-08-seoul-local/
https://haninelife.com/articles/vet24-09-seoul-local/
https://haninelife.com/articles/vet24-10-seoul-local/
https://haninelife.com/articles/vet24-11-seoul-local/
https://haninelife.com/articles/vet24-12-seoul-local/
https://haninelife.com/articles/vet24-13-gyeonggi-local/
https://haninelife.com/articles/vet24-14-gyeonggi-local/
https://haninelife.com/articles/vet24-15-gyeonggi-local/
https://haninelife.com/articles/vet24-16-gyeonggi-local/
https://haninelife.com/articles/vet24-17-gyeonggi-local/
https://haninelife.com/articles/vet24-18-gyeonggi-local/
https://haninelife.com/articles/vet24-19-gyeonggi-local/
https://haninelife.com/articles/vet24-20-gyeonggi-local/
https://haninelife.com/articles/vet24-21-gyeonggi-local/
https://haninelife.com/articles/vet24-22-gyeonggi-local/
https://haninelife.com/articles/vet24-23-gyeonggi-local/
https://haninelife.com/articles/vet24-24-gyeonggi-local/
https://haninelife.com/articles/vet24-25-incheon-local/
https://haninelife.com/articles/vet24-26-incheon-local/
https://haninelife.com/articles/vet24-27-incheon-local/
https://haninelife.com/articles/vet24-28-incheon-local/
https://haninelife.com/articles/vet24-29-incheon-local/
https://haninelife.com/articles/vet24-30-busan-local/
https://haninelife.com/articles/vet24-31-busan-local/
https://haninelife.com/articles/vet24-32-busan-local/
https://haninelife.com/articles/vet24-33-busan-local/
https://haninelife.com/articles/vet24-34-busan-local/
https://haninelife.com/articles/vet24-35-daegu-local/
https://haninelife.com/articles/vet24-36-daegu-local/
https://haninelife.com/articles/vet24-37-daegu-local/
https://haninelife.com/articles/vet24-38-daegu-local/
https://haninelife.com/articles/vet24-39-daejeon-local/
https://haninelife.com/articles/vet24-40-daejeon-local/
https://haninelife.com/articles/vet24-41-ulsan-local/
https://haninelife.com/articles/vet24-42-gangwon-local/
https://haninelife.com/articles/vet24-43-chungbuk-local/
https://haninelife.com/articles/vet24-44-chungbuk-local/
https://haninelife.com/articles/vet24-45-chungbuk-local/
https://haninelife.com/articles/vet24-46-chungnam-local/
https://haninelife.com/articles/vet24-47-gwangju-local/
https://haninelife.com/articles/vet24-48-gwangju-local/
https://haninelife.com/articles/vet24-49-jeonnam-local/
https://haninelife.com/articles/vet24-50-gyeongbuk-local/
https://haninelife.com/articles/vet24-51-gyeongbuk-local/
https://haninelife.com/articles/vet24-52-gyeongnam-local/
https://haninelife.com/articles/vet24-53-jeju-local/
https://haninelife.com/articles/car-insurance-price-compare.html
https://haninelife.com/articles/find-my-insurance-coverage.html
https://haninelife.com/articles/insurance-cancel-check-before-surrender.html
https://haninelife.com/articles/insurance-duplicate-coverage-check.html
https://haninelife.com/articles/youth-rent-support-eligibility.html
https://haninelife.com/articles/energy-voucher-eligibility.html
https://haninelife.com/articles/childbirth-parenting-benefits.html
https://haninelife.com/articles/medical-expense-cap-refund.html
https://haninelife.com/articles/msafer-mobile-identity-theft-check.html
